<?xml version="1.0" encoding="UTF-8"?>
<project-private xmlns="http://www.netbeans.org/ns/project-private/1">
    <editor-bookmarks xmlns="http://www.netbeans.org/ns/editor-bookmarks/2" lastBookmarkId="0"/>
    <open-files xmlns="http://www.netbeans.org/ns/projectui-open-files/2">
        <group>
            <file>file:/C:/MINI%20PROJECT/Blood-Donation-Management-System-main/src/Admin.java</file>
            <file>file:/C:/MINI%20PROJECT/Blood-Donation-Management-System-main/src/CustomDatabaseConnection.java</file>
            <file>file:/C:/MINI%20PROJECT/Blood-Donation-Management-System-main/src/Settings.java</file>
            <file>file:/C:/MINI%20PROJECT/Blood-Donation-Management-System-main/src/AddDonor.java</file>
            <file>file:/C:/MINI%20PROJECT/Blood-Donation-Management-System-main/src/Dashboard.java</file>
            <file>file:/C:/MINI%20PROJECT/Blood-Donation-Management-System-main/src/UpdateDonarInfo.java</file>
            <file>file:/C:/MINI%20PROJECT/Blood-Donation-Management-System-main/src/DatabaseConnection.java</file>
            <file>file:/C:/MINI%20PROJECT/Blood-Donation-Management-System-main/src/CompleteProfile.java</file>
        </group>
    </open-files>
</project-private>
